user_id,authority_name
3,ROLE_INSTRUCTOR
4,ROLE_STUDENT
5,ROLE_ADMIN
6,ROLE_STUDENT
7,ROLE_ORG_ADMIN
8,ROLE_STUDENT
9,ROLE_ORG_ADMIN
10,ROLE_STUDENT
11,ROLE_INSTRUCTOR
12,ROLE_STUDENT
13,ROLE_ADMIN
14,ROLE_STUDENT
15,ROLE_ORG_ADMIN
16,ROLE_STUDENT
17,ROLE_ORG_ADMIN
18,ROLE_STUDENT
19,ROLE_INSTRUCTOR
20,ROLE_STUDENT
21,ROLE_ADMIN
22,ROLE_STUDENT
23,ROLE_ORG_ADMIN
24,ROLE_STUDENT
25,ROLE_ORG_ADMIN
26,ROLE_STUDENT
27,ROLE_INSTRUCTOR
28,ROLE_STUDENT
29,ROLE_ADMIN
30,ROLE_STUDENT
31,ROLE_ORG_ADMIN
32,ROLE_STUDENT
33,ROLE_ORG_ADMIN
34,ROLE_STUDENT
35,ROLE_INSTRUCTOR
36,ROLE_STUDENT
37,ROLE_ADMIN
38,ROLE_STUDENT
39,ROLE_ORG_ADMIN
40,ROLE_STUDENT
41,ROLE_ORG_ADMIN
42,ROLE_STUDENT
43,ROLE_INSTRUCTOR
44,ROLE_STUDENT
45,ROLE_ADMIN
46,ROLE_STUDENT
47,ROLE_ORG_ADMIN
48,ROLE_STUDENT
49,ROLE_ORG_ADMIN
50,ROLE_STUDENT
51,ROLE_INSTRUCTOR
52,ROLE_STUDENT
53,ROLE_ADMIN
54,ROLE_STUDENT
55,ROLE_ORG_ADMIN
56,ROLE_STUDENT
57,ROLE_ORG_ADMIN
58,ROLE_STUDENT
59,ROLE_INSTRUCTOR
60,ROLE_STUDENT
61,ROLE_ADMIN
62,ROLE_STUDENT
63,ROLE_ORG_ADMIN
64,ROLE_STUDENT
65,ROLE_ORG_ADMIN
66,ROLE_STUDENT
67,ROLE_INSTRUCTOR
68,ROLE_STUDENT
69,ROLE_ADMIN
70,ROLE_STUDENT
71,ROLE_ORG_ADMIN
72,ROLE_STUDENT
73,ROLE_ORG_ADMIN
74,ROLE_STUDENT
75,ROLE_INSTRUCTOR
76,ROLE_STUDENT
77,ROLE_ADMIN
78,ROLE_STUDENT
79,ROLE_ORG_ADMIN
80,ROLE_STUDENT
81,ROLE_ORG_ADMIN
82,ROLE_STUDENT
83,ROLE_INSTRUCTOR
84,ROLE_STUDENT
85,ROLE_ADMIN
86,ROLE_STUDENT
87,ROLE_ORG_ADMIN
88,ROLE_STUDENT
89,ROLE_ORG_ADMIN
90,ROLE_STUDENT
91,ROLE_INSTRUCTOR
92,ROLE_STUDENT
93,ROLE_ADMIN
94,ROLE_STUDENT
95,ROLE_ORG_ADMIN
96,ROLE_STUDENT
97,ROLE_ORG_ADMIN
98,ROLE_STUDENT
99,ROLE_INSTRUCTOR
100,ROLE_STUDENT
101,ROLE_STUDENT
102,ROLE_STUDENT
103,ROLE_STUDENT
104,ROLE_STUDENT
105,ROLE_STUDENT
106,ROLE_STUDENT
107,ROLE_STUDENT
108,ROLE_STUDENT
109,ROLE_STUDENT
110,ROLE_STUDENT
111,ROLE_STUDENT
112,ROLE_STUDENT
113,ROLE_STUDENT
114,ROLE_STUDENT
115,ROLE_STUDENT
116,ROLE_STUDENT
117,ROLE_STUDENT
118,ROLE_STUDENT
119,ROLE_STUDENT
120,ROLE_STUDENT
121,ROLE_STUDENT
122,ROLE_STUDENT
123,ROLE_STUDENT
124,ROLE_INSTRUCTOR
125,ROLE_INSTRUCTOR
126,ROLE_INSTRUCTOR
127,ROLE_INSTRUCTOR
128,ROLE_INSTRUCTOR
129,ROLE_INSTRUCTOR
130,ROLE_INSTRUCTOR
131,ROLE_INSTRUCTOR
132,ROLE_INSTRUCTOR
133,ROLE_ORG_ADMIN
134,ROLE_ORG_ADMIN
135,ROLE_ORG_ADMIN
136,ROLE_STUDENT
137,ROLE_STUDENT
138,ROLE_STUDENT
139,ROLE_STUDENT
140,ROLE_STUDENT
141,ROLE_STUDENT
142,ROLE_STUDENT
143,ROLE_STUDENT
144,ROLE_STUDENT
145,ROLE_STUDENT
146,ROLE_STUDENT
147,ROLE_STUDENT
148,ROLE_STUDENT
149,ROLE_STUDENT
150,ROLE_STUDENT
151,ROLE_STUDENT
152,ROLE_STUDENT
153,ROLE_STUDENT
154,ROLE_STUDENT
155,ROLE_STUDENT
156,ROLE_STUDENT
157,ROLE_STUDENT
158,ROLE_STUDENT
159,ROLE_INSTRUCTOR
160,ROLE_INSTRUCTOR
161,ROLE_INSTRUCTOR
162,ROLE_INSTRUCTOR
163,ROLE_INSTRUCTOR
164,ROLE_INSTRUCTOR
165,ROLE_INSTRUCTOR
166,ROLE_INSTRUCTOR
167,ROLE_INSTRUCTOR
168,ROLE_ORG_ADMIN
169,ROLE_ORG_ADMIN
170,ROLE_ORG_ADMIN
171,ROLE_STUDENT
172,ROLE_STUDENT
173,ROLE_STUDENT
174,ROLE_STUDENT
175,ROLE_STUDENT
176,ROLE_STUDENT
177,ROLE_STUDENT
178,ROLE_STUDENT
179,ROLE_STUDENT
180,ROLE_STUDENT
181,ROLE_STUDENT
182,ROLE_STUDENT
183,ROLE_STUDENT
184,ROLE_STUDENT
185,ROLE_STUDENT
186,ROLE_STUDENT
187,ROLE_STUDENT
188,ROLE_STUDENT
189,ROLE_STUDENT
190,ROLE_STUDENT
191,ROLE_STUDENT
192,ROLE_STUDENT
193,ROLE_STUDENT
194,ROLE_INSTRUCTOR
195,ROLE_INSTRUCTOR
196,ROLE_INSTRUCTOR
197,ROLE_INSTRUCTOR
198,ROLE_INSTRUCTOR
199,ROLE_INSTRUCTOR
200,ROLE_INSTRUCTOR
201,ROLE_INSTRUCTOR
202,ROLE_INSTRUCTOR
203,ROLE_ORG_ADMIN
204,ROLE_ORG_ADMIN
205,ROLE_ORG_ADMIN
206,ROLE_STUDENT
207,ROLE_STUDENT
208,ROLE_STUDENT
209,ROLE_STUDENT
210,ROLE_STUDENT
211,ROLE_STUDENT
212,ROLE_STUDENT
213,ROLE_STUDENT
214,ROLE_STUDENT
215,ROLE_STUDENT
216,ROLE_STUDENT
217,ROLE_STUDENT
218,ROLE_STUDENT
219,ROLE_STUDENT
220,ROLE_STUDENT
221,ROLE_STUDENT
222,ROLE_STUDENT
223,ROLE_STUDENT
224,ROLE_STUDENT
225,ROLE_STUDENT
226,ROLE_STUDENT
227,ROLE_STUDENT
228,ROLE_STUDENT
229,ROLE_INSTRUCTOR
230,ROLE_INSTRUCTOR
231,ROLE_INSTRUCTOR
232,ROLE_INSTRUCTOR
233,ROLE_INSTRUCTOR
234,ROLE_INSTRUCTOR
235,ROLE_INSTRUCTOR
236,ROLE_INSTRUCTOR
237,ROLE_INSTRUCTOR
238,ROLE_ORG_ADMIN
239,ROLE_ORG_ADMIN
240,ROLE_ORG_ADMIN
241,ROLE_STUDENT
242,ROLE_STUDENT
243,ROLE_STUDENT
244,ROLE_STUDENT
245,ROLE_STUDENT
246,ROLE_STUDENT
247,ROLE_STUDENT
248,ROLE_STUDENT
249,ROLE_STUDENT
250,ROLE_STUDENT
251,ROLE_STUDENT
252,ROLE_STUDENT
253,ROLE_STUDENT
254,ROLE_STUDENT
255,ROLE_STUDENT
256,ROLE_STUDENT
257,ROLE_STUDENT
258,ROLE_STUDENT
259,ROLE_STUDENT
260,ROLE_STUDENT
261,ROLE_STUDENT
262,ROLE_STUDENT
263,ROLE_STUDENT
264,ROLE_INSTRUCTOR
265,ROLE_INSTRUCTOR
266,ROLE_INSTRUCTOR
267,ROLE_INSTRUCTOR
268,ROLE_INSTRUCTOR
269,ROLE_INSTRUCTOR
270,ROLE_INSTRUCTOR
271,ROLE_INSTRUCTOR
272,ROLE_INSTRUCTOR
273,ROLE_ORG_ADMIN
274,ROLE_ORG_ADMIN
275,ROLE_ORG_ADMIN
276,ROLE_STUDENT
277,ROLE_STUDENT
278,ROLE_STUDENT
279,ROLE_STUDENT
280,ROLE_STUDENT
281,ROLE_STUDENT
282,ROLE_STUDENT
283,ROLE_STUDENT
284,ROLE_STUDENT
285,ROLE_STUDENT
286,ROLE_STUDENT
287,ROLE_STUDENT
288,ROLE_STUDENT
289,ROLE_STUDENT
290,ROLE_STUDENT
291,ROLE_STUDENT
292,ROLE_STUDENT
293,ROLE_STUDENT
294,ROLE_STUDENT
295,ROLE_STUDENT
296,ROLE_STUDENT
297,ROLE_STUDENT
298,ROLE_STUDENT
299,ROLE_INSTRUCTOR
300,ROLE_INSTRUCTOR
301,ROLE_INSTRUCTOR
302,ROLE_INSTRUCTOR
303,ROLE_INSTRUCTOR
304,ROLE_INSTRUCTOR
305,ROLE_INSTRUCTOR
306,ROLE_INSTRUCTOR
307,ROLE_INSTRUCTOR
308,ROLE_ORG_ADMIN
309,ROLE_ORG_ADMIN
310,ROLE_ORG_ADMIN
311,ROLE_STUDENT
312,ROLE_STUDENT
313,ROLE_STUDENT
314,ROLE_STUDENT
315,ROLE_STUDENT
316,ROLE_STUDENT
317,ROLE_STUDENT
318,ROLE_STUDENT
319,ROLE_STUDENT
320,ROLE_STUDENT
321,ROLE_STUDENT
322,ROLE_STUDENT
323,ROLE_STUDENT
324,ROLE_STUDENT
325,ROLE_STUDENT
326,ROLE_STUDENT
327,ROLE_STUDENT
328,ROLE_STUDENT
329,ROLE_STUDENT
330,ROLE_STUDENT
331,ROLE_STUDENT
332,ROLE_STUDENT
333,ROLE_STUDENT
334,ROLE_INSTRUCTOR
335,ROLE_INSTRUCTOR
336,ROLE_INSTRUCTOR
337,ROLE_INSTRUCTOR
338,ROLE_INSTRUCTOR
339,ROLE_INSTRUCTOR
340,ROLE_INSTRUCTOR
341,ROLE_INSTRUCTOR
342,ROLE_INSTRUCTOR
343,ROLE_ORG_ADMIN
344,ROLE_ORG_ADMIN
345,ROLE_ORG_ADMIN
346,ROLE_STUDENT
347,ROLE_STUDENT
348,ROLE_STUDENT
349,ROLE_STUDENT
350,ROLE_STUDENT
351,ROLE_STUDENT
352,ROLE_STUDENT
353,ROLE_STUDENT
354,ROLE_STUDENT
355,ROLE_STUDENT
356,ROLE_STUDENT
357,ROLE_STUDENT
358,ROLE_STUDENT
359,ROLE_STUDENT
360,ROLE_STUDENT
361,ROLE_STUDENT
362,ROLE_STUDENT
363,ROLE_STUDENT
364,ROLE_STUDENT
365,ROLE_STUDENT
366,ROLE_STUDENT
367,ROLE_STUDENT
368,ROLE_STUDENT
369,ROLE_INSTRUCTOR
370,ROLE_INSTRUCTOR
371,ROLE_INSTRUCTOR
372,ROLE_INSTRUCTOR
373,ROLE_INSTRUCTOR
374,ROLE_INSTRUCTOR
375,ROLE_INSTRUCTOR
376,ROLE_INSTRUCTOR
377,ROLE_INSTRUCTOR
378,ROLE_ORG_ADMIN
379,ROLE_ORG_ADMIN
380,ROLE_ORG_ADMIN
381,ROLE_STUDENT
382,ROLE_STUDENT
383,ROLE_STUDENT
384,ROLE_STUDENT
385,ROLE_STUDENT
386,ROLE_STUDENT
387,ROLE_STUDENT
388,ROLE_STUDENT
389,ROLE_STUDENT
390,ROLE_STUDENT
391,ROLE_STUDENT
392,ROLE_STUDENT
393,ROLE_STUDENT
394,ROLE_STUDENT
395,ROLE_STUDENT
396,ROLE_STUDENT
397,ROLE_STUDENT
398,ROLE_STUDENT
399,ROLE_STUDENT
400,ROLE_STUDENT
401,ROLE_STUDENT
402,ROLE_STUDENT
403,ROLE_STUDENT
404,ROLE_INSTRUCTOR
405,ROLE_INSTRUCTOR
406,ROLE_INSTRUCTOR
407,ROLE_INSTRUCTOR
408,ROLE_INSTRUCTOR
409,ROLE_INSTRUCTOR
410,ROLE_INSTRUCTOR
411,ROLE_INSTRUCTOR
412,ROLE_INSTRUCTOR
413,ROLE_ORG_ADMIN
414,ROLE_ORG_ADMIN
415,ROLE_ORG_ADMIN
416,ROLE_STUDENT
417,ROLE_STUDENT
418,ROLE_STUDENT
419,ROLE_STUDENT
420,ROLE_STUDENT
421,ROLE_STUDENT
422,ROLE_STUDENT
423,ROLE_STUDENT
424,ROLE_STUDENT
425,ROLE_STUDENT
426,ROLE_STUDENT
427,ROLE_STUDENT
428,ROLE_STUDENT
429,ROLE_STUDENT
430,ROLE_STUDENT
431,ROLE_STUDENT
432,ROLE_STUDENT
433,ROLE_STUDENT
434,ROLE_STUDENT
435,ROLE_STUDENT
436,ROLE_STUDENT
437,ROLE_STUDENT
438,ROLE_STUDENT
439,ROLE_INSTRUCTOR
440,ROLE_INSTRUCTOR
441,ROLE_INSTRUCTOR
442,ROLE_INSTRUCTOR
443,ROLE_INSTRUCTOR
444,ROLE_INSTRUCTOR
445,ROLE_INSTRUCTOR
446,ROLE_INSTRUCTOR
447,ROLE_INSTRUCTOR
448,ROLE_ORG_ADMIN
449,ROLE_ORG_ADMIN
450,ROLE_ORG_ADMIN
451,ROLE_STUDENT
452,ROLE_STUDENT
453,ROLE_STUDENT
454,ROLE_STUDENT
455,ROLE_STUDENT
456,ROLE_STUDENT
457,ROLE_STUDENT
458,ROLE_STUDENT
459,ROLE_STUDENT
460,ROLE_STUDENT
461,ROLE_STUDENT
462,ROLE_STUDENT
463,ROLE_STUDENT
464,ROLE_STUDENT
465,ROLE_STUDENT
466,ROLE_STUDENT
467,ROLE_STUDENT
468,ROLE_STUDENT
469,ROLE_STUDENT
470,ROLE_STUDENT
471,ROLE_STUDENT
472,ROLE_STUDENT
473,ROLE_STUDENT
474,ROLE_INSTRUCTOR
475,ROLE_INSTRUCTOR
476,ROLE_INSTRUCTOR
477,ROLE_INSTRUCTOR
478,ROLE_INSTRUCTOR
479,ROLE_INSTRUCTOR
480,ROLE_INSTRUCTOR
481,ROLE_INSTRUCTOR
482,ROLE_INSTRUCTOR
483,ROLE_ORG_ADMIN
484,ROLE_ORG_ADMIN
485,ROLE_ORG_ADMIN
486,ROLE_STUDENT
487,ROLE_STUDENT
488,ROLE_STUDENT
489,ROLE_STUDENT
490,ROLE_STUDENT
491,ROLE_STUDENT
492,ROLE_STUDENT
493,ROLE_STUDENT
494,ROLE_STUDENT
495,ROLE_STUDENT
496,ROLE_STUDENT
497,ROLE_STUDENT
498,ROLE_STUDENT
499,ROLE_STUDENT
500,ROLE_STUDENT
501,ROLE_STUDENT
502,ROLE_STUDENT
503,ROLE_STUDENT
504,ROLE_STUDENT
505,ROLE_STUDENT
506,ROLE_STUDENT
507,ROLE_STUDENT
508,ROLE_STUDENT
509,ROLE_INSTRUCTOR
510,ROLE_INSTRUCTOR
511,ROLE_INSTRUCTOR
512,ROLE_INSTRUCTOR
513,ROLE_INSTRUCTOR
514,ROLE_INSTRUCTOR
515,ROLE_INSTRUCTOR
516,ROLE_INSTRUCTOR
517,ROLE_INSTRUCTOR
518,ROLE_ORG_ADMIN
519,ROLE_ORG_ADMIN
520,ROLE_ORG_ADMIN
521,ROLE_STUDENT
522,ROLE_STUDENT
523,ROLE_STUDENT
524,ROLE_STUDENT
525,ROLE_STUDENT
526,ROLE_STUDENT
527,ROLE_STUDENT
528,ROLE_STUDENT
529,ROLE_STUDENT
530,ROLE_STUDENT
531,ROLE_STUDENT
532,ROLE_STUDENT
533,ROLE_STUDENT
534,ROLE_STUDENT
535,ROLE_STUDENT
536,ROLE_STUDENT
537,ROLE_STUDENT
538,ROLE_STUDENT
539,ROLE_STUDENT
540,ROLE_STUDENT
541,ROLE_STUDENT
542,ROLE_STUDENT
543,ROLE_STUDENT
544,ROLE_INSTRUCTOR
545,ROLE_INSTRUCTOR
546,ROLE_INSTRUCTOR
547,ROLE_INSTRUCTOR
548,ROLE_INSTRUCTOR
549,ROLE_INSTRUCTOR
550,ROLE_INSTRUCTOR
551,ROLE_INSTRUCTOR
552,ROLE_INSTRUCTOR
553,ROLE_ORG_ADMIN
554,ROLE_ORG_ADMIN
555,ROLE_ORG_ADMIN
556,ROLE_STUDENT
557,ROLE_STUDENT
558,ROLE_STUDENT
559,ROLE_STUDENT
560,ROLE_STUDENT
561,ROLE_STUDENT
562,ROLE_STUDENT
563,ROLE_STUDENT
564,ROLE_STUDENT
565,ROLE_STUDENT
566,ROLE_STUDENT
567,ROLE_STUDENT
568,ROLE_STUDENT
569,ROLE_STUDENT
570,ROLE_STUDENT
571,ROLE_STUDENT
572,ROLE_STUDENT
573,ROLE_STUDENT
574,ROLE_STUDENT
575,ROLE_STUDENT
576,ROLE_STUDENT
577,ROLE_STUDENT
578,ROLE_STUDENT
579,ROLE_INSTRUCTOR
580,ROLE_INSTRUCTOR
581,ROLE_INSTRUCTOR
582,ROLE_INSTRUCTOR
583,ROLE_INSTRUCTOR
584,ROLE_INSTRUCTOR
585,ROLE_INSTRUCTOR
586,ROLE_INSTRUCTOR
587,ROLE_INSTRUCTOR
588,ROLE_ORG_ADMIN
589,ROLE_ORG_ADMIN
590,ROLE_ORG_ADMIN
591,ROLE_STUDENT
592,ROLE_STUDENT
593,ROLE_STUDENT
594,ROLE_STUDENT
595,ROLE_STUDENT
596,ROLE_STUDENT
597,ROLE_STUDENT
598,ROLE_STUDENT
599,ROLE_STUDENT
600,ROLE_STUDENT
601,ROLE_STUDENT
602,ROLE_STUDENT
603,ROLE_STUDENT
604,ROLE_STUDENT
605,ROLE_STUDENT
606,ROLE_STUDENT
607,ROLE_STUDENT
608,ROLE_STUDENT
609,ROLE_STUDENT
610,ROLE_STUDENT
611,ROLE_STUDENT
612,ROLE_STUDENT
613,ROLE_STUDENT
614,ROLE_INSTRUCTOR
615,ROLE_INSTRUCTOR
616,ROLE_INSTRUCTOR
617,ROLE_INSTRUCTOR
618,ROLE_INSTRUCTOR
619,ROLE_INSTRUCTOR
620,ROLE_INSTRUCTOR
621,ROLE_INSTRUCTOR
622,ROLE_INSTRUCTOR
623,ROLE_ORG_ADMIN
624,ROLE_ORG_ADMIN
625,ROLE_ORG_ADMIN
626,ROLE_STUDENT
627,ROLE_STUDENT
628,ROLE_STUDENT
629,ROLE_STUDENT
630,ROLE_STUDENT
631,ROLE_STUDENT
632,ROLE_STUDENT
633,ROLE_STUDENT
634,ROLE_STUDENT
635,ROLE_STUDENT
636,ROLE_STUDENT
637,ROLE_STUDENT
638,ROLE_STUDENT
639,ROLE_STUDENT
640,ROLE_STUDENT
641,ROLE_STUDENT
642,ROLE_STUDENT
643,ROLE_STUDENT
644,ROLE_STUDENT
645,ROLE_STUDENT
646,ROLE_STUDENT
647,ROLE_STUDENT
648,ROLE_STUDENT
649,ROLE_INSTRUCTOR
650,ROLE_INSTRUCTOR
651,ROLE_INSTRUCTOR
652,ROLE_INSTRUCTOR
653,ROLE_INSTRUCTOR
654,ROLE_INSTRUCTOR
655,ROLE_INSTRUCTOR
656,ROLE_INSTRUCTOR
657,ROLE_INSTRUCTOR
658,ROLE_ORG_ADMIN
659,ROLE_ORG_ADMIN
660,ROLE_ORG_ADMIN
661,ROLE_STUDENT
662,ROLE_STUDENT
663,ROLE_STUDENT
664,ROLE_STUDENT
665,ROLE_STUDENT
666,ROLE_STUDENT
667,ROLE_STUDENT
668,ROLE_STUDENT
669,ROLE_STUDENT
670,ROLE_STUDENT
671,ROLE_STUDENT
672,ROLE_STUDENT
673,ROLE_STUDENT
674,ROLE_STUDENT
675,ROLE_STUDENT
676,ROLE_STUDENT
677,ROLE_STUDENT
678,ROLE_STUDENT
679,ROLE_STUDENT
680,ROLE_STUDENT
681,ROLE_STUDENT
682,ROLE_STUDENT
683,ROLE_STUDENT
684,ROLE_INSTRUCTOR
685,ROLE_INSTRUCTOR
686,ROLE_INSTRUCTOR
687,ROLE_INSTRUCTOR
688,ROLE_INSTRUCTOR
689,ROLE_INSTRUCTOR
690,ROLE_INSTRUCTOR
691,ROLE_INSTRUCTOR
692,ROLE_INSTRUCTOR
693,ROLE_ORG_ADMIN
694,ROLE_ORG_ADMIN
695,ROLE_ORG_ADMIN
696,ROLE_STUDENT
697,ROLE_STUDENT
698,ROLE_STUDENT
699,ROLE_STUDENT
700,ROLE_STUDENT
701,ROLE_STUDENT
702,ROLE_STUDENT
703,ROLE_STUDENT
704,ROLE_STUDENT
705,ROLE_STUDENT
706,ROLE_STUDENT
707,ROLE_STUDENT
708,ROLE_STUDENT
709,ROLE_STUDENT
710,ROLE_STUDENT
711,ROLE_STUDENT
712,ROLE_STUDENT
713,ROLE_STUDENT
714,ROLE_STUDENT
715,ROLE_STUDENT
716,ROLE_STUDENT
717,ROLE_STUDENT
718,ROLE_STUDENT
719,ROLE_INSTRUCTOR
720,ROLE_INSTRUCTOR
721,ROLE_INSTRUCTOR
722,ROLE_INSTRUCTOR
723,ROLE_INSTRUCTOR
724,ROLE_INSTRUCTOR
725,ROLE_INSTRUCTOR
726,ROLE_INSTRUCTOR
727,ROLE_INSTRUCTOR
728,ROLE_ORG_ADMIN
729,ROLE_ORG_ADMIN
730,ROLE_ORG_ADMIN
731,ROLE_STUDENT
732,ROLE_STUDENT
733,ROLE_STUDENT
734,ROLE_STUDENT
735,ROLE_STUDENT
736,ROLE_STUDENT
737,ROLE_STUDENT
738,ROLE_STUDENT
739,ROLE_STUDENT
740,ROLE_STUDENT
741,ROLE_STUDENT
742,ROLE_STUDENT
743,ROLE_STUDENT
744,ROLE_STUDENT
745,ROLE_STUDENT
746,ROLE_STUDENT
747,ROLE_STUDENT
748,ROLE_STUDENT
749,ROLE_STUDENT
750,ROLE_STUDENT
751,ROLE_STUDENT
752,ROLE_STUDENT
753,ROLE_STUDENT
754,ROLE_INSTRUCTOR
755,ROLE_INSTRUCTOR
756,ROLE_INSTRUCTOR
757,ROLE_INSTRUCTOR
758,ROLE_INSTRUCTOR
759,ROLE_INSTRUCTOR
760,ROLE_INSTRUCTOR
761,ROLE_INSTRUCTOR
762,ROLE_INSTRUCTOR
763,ROLE_ORG_ADMIN
764,ROLE_ORG_ADMIN
765,ROLE_ORG_ADMIN
766,ROLE_STUDENT
767,ROLE_STUDENT
768,ROLE_STUDENT
769,ROLE_STUDENT
770,ROLE_STUDENT
771,ROLE_STUDENT
772,ROLE_STUDENT
773,ROLE_STUDENT
774,ROLE_STUDENT
775,ROLE_STUDENT
776,ROLE_STUDENT
777,ROLE_STUDENT
778,ROLE_STUDENT
779,ROLE_STUDENT
780,ROLE_STUDENT
781,ROLE_STUDENT
782,ROLE_STUDENT
783,ROLE_STUDENT
784,ROLE_STUDENT
785,ROLE_STUDENT
786,ROLE_STUDENT
787,ROLE_STUDENT
788,ROLE_STUDENT
789,ROLE_INSTRUCTOR
790,ROLE_INSTRUCTOR
791,ROLE_INSTRUCTOR
792,ROLE_INSTRUCTOR
793,ROLE_INSTRUCTOR
794,ROLE_INSTRUCTOR
795,ROLE_INSTRUCTOR
796,ROLE_INSTRUCTOR
797,ROLE_INSTRUCTOR
798,ROLE_ORG_ADMIN
799,ROLE_ORG_ADMIN
800,ROLE_ORG_ADMIN
801,ROLE_STUDENT
802,ROLE_STUDENT
803,ROLE_STUDENT
804,ROLE_STUDENT
805,ROLE_STUDENT
806,ROLE_STUDENT
807,ROLE_STUDENT
808,ROLE_STUDENT
809,ROLE_STUDENT
810,ROLE_STUDENT
811,ROLE_STUDENT
812,ROLE_STUDENT
813,ROLE_STUDENT
814,ROLE_STUDENT
815,ROLE_STUDENT
816,ROLE_STUDENT
817,ROLE_STUDENT
818,ROLE_STUDENT
819,ROLE_STUDENT
820,ROLE_STUDENT
821,ROLE_STUDENT
822,ROLE_STUDENT
823,ROLE_STUDENT
824,ROLE_INSTRUCTOR
825,ROLE_INSTRUCTOR
826,ROLE_INSTRUCTOR
827,ROLE_INSTRUCTOR
828,ROLE_INSTRUCTOR
829,ROLE_INSTRUCTOR
830,ROLE_INSTRUCTOR
831,ROLE_INSTRUCTOR
832,ROLE_INSTRUCTOR
833,ROLE_ORG_ADMIN
834,ROLE_ORG_ADMIN
835,ROLE_ORG_ADMIN
836,ROLE_STUDENT
837,ROLE_STUDENT
838,ROLE_STUDENT
839,ROLE_STUDENT
840,ROLE_STUDENT
841,ROLE_STUDENT
842,ROLE_STUDENT
843,ROLE_STUDENT
844,ROLE_STUDENT
845,ROLE_STUDENT
846,ROLE_STUDENT
847,ROLE_STUDENT
848,ROLE_STUDENT
849,ROLE_STUDENT
850,ROLE_STUDENT
851,ROLE_STUDENT
852,ROLE_STUDENT
853,ROLE_STUDENT
854,ROLE_STUDENT
855,ROLE_STUDENT
856,ROLE_STUDENT
857,ROLE_STUDENT
858,ROLE_STUDENT
859,ROLE_INSTRUCTOR
860,ROLE_INSTRUCTOR
861,ROLE_INSTRUCTOR
862,ROLE_INSTRUCTOR
863,ROLE_INSTRUCTOR
864,ROLE_INSTRUCTOR
865,ROLE_INSTRUCTOR
866,ROLE_INSTRUCTOR
867,ROLE_INSTRUCTOR
868,ROLE_ORG_ADMIN
869,ROLE_ORG_ADMIN
870,ROLE_ORG_ADMIN
871,ROLE_STUDENT
872,ROLE_STUDENT
873,ROLE_STUDENT
874,ROLE_STUDENT
875,ROLE_STUDENT
876,ROLE_STUDENT
877,ROLE_STUDENT
878,ROLE_STUDENT
879,ROLE_STUDENT
880,ROLE_STUDENT
881,ROLE_STUDENT
882,ROLE_STUDENT
883,ROLE_STUDENT
884,ROLE_STUDENT
885,ROLE_STUDENT
886,ROLE_STUDENT
887,ROLE_STUDENT
888,ROLE_STUDENT
889,ROLE_STUDENT
890,ROLE_STUDENT
891,ROLE_STUDENT
892,ROLE_STUDENT
893,ROLE_STUDENT
894,ROLE_INSTRUCTOR
895,ROLE_INSTRUCTOR
896,ROLE_INSTRUCTOR
897,ROLE_INSTRUCTOR
898,ROLE_INSTRUCTOR
899,ROLE_INSTRUCTOR
900,ROLE_INSTRUCTOR
901,ROLE_INSTRUCTOR
902,ROLE_INSTRUCTOR
903,ROLE_ORG_ADMIN
904,ROLE_ORG_ADMIN
905,ROLE_ORG_ADMIN
906,ROLE_STUDENT
907,ROLE_STUDENT
908,ROLE_STUDENT
909,ROLE_STUDENT
910,ROLE_STUDENT
911,ROLE_STUDENT
912,ROLE_STUDENT
913,ROLE_STUDENT
914,ROLE_STUDENT
915,ROLE_STUDENT
916,ROLE_STUDENT
917,ROLE_STUDENT
918,ROLE_STUDENT
919,ROLE_STUDENT
920,ROLE_STUDENT
921,ROLE_STUDENT
922,ROLE_STUDENT
923,ROLE_STUDENT
924,ROLE_STUDENT
925,ROLE_STUDENT
926,ROLE_STUDENT
927,ROLE_STUDENT
928,ROLE_STUDENT
929,ROLE_INSTRUCTOR
930,ROLE_INSTRUCTOR
931,ROLE_INSTRUCTOR
932,ROLE_INSTRUCTOR
933,ROLE_INSTRUCTOR
934,ROLE_INSTRUCTOR
935,ROLE_INSTRUCTOR
936,ROLE_INSTRUCTOR
937,ROLE_INSTRUCTOR
938,ROLE_ORG_ADMIN
939,ROLE_ORG_ADMIN
940,ROLE_ORG_ADMIN
941,ROLE_STUDENT
942,ROLE_STUDENT
943,ROLE_STUDENT
944,ROLE_STUDENT
945,ROLE_STUDENT
946,ROLE_STUDENT
947,ROLE_STUDENT
948,ROLE_STUDENT
949,ROLE_STUDENT
950,ROLE_STUDENT
951,ROLE_STUDENT
952,ROLE_STUDENT
953,ROLE_STUDENT
954,ROLE_STUDENT
955,ROLE_STUDENT
956,ROLE_STUDENT
957,ROLE_STUDENT
958,ROLE_STUDENT
959,ROLE_STUDENT
960,ROLE_STUDENT
961,ROLE_STUDENT
962,ROLE_STUDENT
963,ROLE_STUDENT
964,ROLE_INSTRUCTOR
965,ROLE_INSTRUCTOR
966,ROLE_INSTRUCTOR
967,ROLE_INSTRUCTOR
968,ROLE_INSTRUCTOR
969,ROLE_INSTRUCTOR
970,ROLE_INSTRUCTOR
971,ROLE_INSTRUCTOR
972,ROLE_INSTRUCTOR
973,ROLE_ORG_ADMIN
974,ROLE_ORG_ADMIN
975,ROLE_ORG_ADMIN
976,ROLE_STUDENT
977,ROLE_STUDENT
978,ROLE_STUDENT
979,ROLE_STUDENT
980,ROLE_STUDENT
981,ROLE_STUDENT
982,ROLE_STUDENT
983,ROLE_STUDENT
984,ROLE_STUDENT
985,ROLE_STUDENT
986,ROLE_STUDENT
987,ROLE_STUDENT
988,ROLE_STUDENT
989,ROLE_STUDENT
990,ROLE_STUDENT
991,ROLE_STUDENT
992,ROLE_STUDENT
993,ROLE_STUDENT
994,ROLE_STUDENT
995,ROLE_STUDENT
996,ROLE_STUDENT
997,ROLE_STUDENT
998,ROLE_STUDENT
999,ROLE_INSTRUCTOR
1000,ROLE_INSTRUCTOR
1001,ROLE_INSTRUCTOR
1002,ROLE_INSTRUCTOR
1003,ROLE_INSTRUCTOR
1004,ROLE_INSTRUCTOR
1005,ROLE_INSTRUCTOR
1006,ROLE_INSTRUCTOR
1007,ROLE_INSTRUCTOR
1008,ROLE_ORG_ADMIN
1009,ROLE_ORG_ADMIN
1010,ROLE_ORG_ADMIN
1011,ROLE_STUDENT
1012,ROLE_STUDENT
1013,ROLE_STUDENT
1014,ROLE_STUDENT
1015,ROLE_STUDENT
1016,ROLE_STUDENT
1017,ROLE_STUDENT
1018,ROLE_STUDENT
1019,ROLE_STUDENT
1020,ROLE_STUDENT
1021,ROLE_STUDENT
1022,ROLE_STUDENT
1023,ROLE_STUDENT
1024,ROLE_STUDENT
1025,ROLE_STUDENT
1026,ROLE_STUDENT
1027,ROLE_STUDENT
1028,ROLE_STUDENT
1029,ROLE_STUDENT
1030,ROLE_STUDENT
1031,ROLE_STUDENT
1032,ROLE_STUDENT
1033,ROLE_STUDENT
1034,ROLE_INSTRUCTOR
1035,ROLE_INSTRUCTOR
1036,ROLE_INSTRUCTOR
1037,ROLE_INSTRUCTOR
1038,ROLE_INSTRUCTOR
1039,ROLE_INSTRUCTOR
1040,ROLE_INSTRUCTOR
1041,ROLE_INSTRUCTOR
1042,ROLE_INSTRUCTOR
1043,ROLE_ORG_ADMIN
1044,ROLE_ORG_ADMIN
1045,ROLE_ORG_ADMIN
1046,ROLE_STUDENT
1047,ROLE_STUDENT
1048,ROLE_STUDENT
1049,ROLE_STUDENT
1050,ROLE_STUDENT
1051,ROLE_STUDENT
1052,ROLE_STUDENT
1053,ROLE_STUDENT
1054,ROLE_STUDENT
1055,ROLE_STUDENT
1056,ROLE_STUDENT
1057,ROLE_STUDENT
1058,ROLE_STUDENT
1059,ROLE_STUDENT
1060,ROLE_STUDENT
1061,ROLE_STUDENT
1062,ROLE_STUDENT
1063,ROLE_STUDENT
1064,ROLE_STUDENT
1065,ROLE_STUDENT
1066,ROLE_STUDENT
1067,ROLE_STUDENT
1068,ROLE_STUDENT
1069,ROLE_INSTRUCTOR
1070,ROLE_INSTRUCTOR
1071,ROLE_INSTRUCTOR
1072,ROLE_INSTRUCTOR
1073,ROLE_INSTRUCTOR
1074,ROLE_INSTRUCTOR
1075,ROLE_INSTRUCTOR
1076,ROLE_INSTRUCTOR
1077,ROLE_INSTRUCTOR
1078,ROLE_ORG_ADMIN
1079,ROLE_ORG_ADMIN
1080,ROLE_ORG_ADMIN
1081,ROLE_STUDENT
1082,ROLE_STUDENT
1083,ROLE_STUDENT
1084,ROLE_STUDENT
1085,ROLE_STUDENT
1086,ROLE_STUDENT
1087,ROLE_STUDENT
1088,ROLE_STUDENT
1089,ROLE_STUDENT
1090,ROLE_STUDENT
1091,ROLE_STUDENT
1092,ROLE_STUDENT
1093,ROLE_STUDENT
1094,ROLE_STUDENT
1095,ROLE_STUDENT
1096,ROLE_STUDENT
1097,ROLE_STUDENT
1098,ROLE_STUDENT
1099,ROLE_STUDENT
1100,ROLE_STUDENT
1101,ROLE_STUDENT
1102,ROLE_STUDENT
1103,ROLE_STUDENT
1104,ROLE_INSTRUCTOR
1105,ROLE_INSTRUCTOR
1106,ROLE_INSTRUCTOR
1107,ROLE_INSTRUCTOR
1108,ROLE_INSTRUCTOR
1109,ROLE_INSTRUCTOR
1110,ROLE_INSTRUCTOR
1111,ROLE_INSTRUCTOR
1112,ROLE_INSTRUCTOR
1113,ROLE_ORG_ADMIN
1114,ROLE_ORG_ADMIN
1115,ROLE_ORG_ADMIN
1116,ROLE_STUDENT
1117,ROLE_STUDENT
1118,ROLE_STUDENT
1119,ROLE_STUDENT
1120,ROLE_STUDENT
1121,ROLE_STUDENT
1122,ROLE_STUDENT
1123,ROLE_STUDENT
1124,ROLE_STUDENT
1125,ROLE_STUDENT
1126,ROLE_STUDENT
1127,ROLE_STUDENT
1128,ROLE_STUDENT
1129,ROLE_STUDENT
1130,ROLE_STUDENT
1131,ROLE_STUDENT
1132,ROLE_STUDENT
1133,ROLE_STUDENT
1134,ROLE_STUDENT
1135,ROLE_STUDENT
1136,ROLE_STUDENT
1137,ROLE_STUDENT
1138,ROLE_STUDENT
1139,ROLE_INSTRUCTOR
1140,ROLE_INSTRUCTOR
1141,ROLE_INSTRUCTOR
1142,ROLE_INSTRUCTOR
1143,ROLE_INSTRUCTOR
1144,ROLE_INSTRUCTOR
1145,ROLE_INSTRUCTOR
1146,ROLE_INSTRUCTOR
1147,ROLE_INSTRUCTOR
1148,ROLE_ORG_ADMIN
1149,ROLE_ORG_ADMIN
1150,ROLE_ORG_ADMIN
1151,ROLE_STUDENT
1152,ROLE_STUDENT
1153,ROLE_STUDENT
1154,ROLE_STUDENT
1155,ROLE_STUDENT
1156,ROLE_STUDENT
1157,ROLE_STUDENT
1158,ROLE_STUDENT
1159,ROLE_STUDENT
1160,ROLE_STUDENT
1161,ROLE_STUDENT
1162,ROLE_STUDENT
1163,ROLE_STUDENT
1164,ROLE_STUDENT
1165,ROLE_STUDENT
1166,ROLE_STUDENT
1167,ROLE_STUDENT
1168,ROLE_STUDENT
1169,ROLE_STUDENT
1170,ROLE_STUDENT
1171,ROLE_STUDENT
1172,ROLE_STUDENT
1173,ROLE_STUDENT
1174,ROLE_INSTRUCTOR
1175,ROLE_INSTRUCTOR
1176,ROLE_INSTRUCTOR
1177,ROLE_INSTRUCTOR
1178,ROLE_INSTRUCTOR
1179,ROLE_INSTRUCTOR
1180,ROLE_INSTRUCTOR
1181,ROLE_INSTRUCTOR
1182,ROLE_INSTRUCTOR
1183,ROLE_ORG_ADMIN
1184,ROLE_ORG_ADMIN
1185,ROLE_ORG_ADMIN
1186,ROLE_STUDENT
1187,ROLE_STUDENT
1188,ROLE_STUDENT
1189,ROLE_STUDENT
1190,ROLE_STUDENT
1191,ROLE_STUDENT
1192,ROLE_STUDENT
1193,ROLE_STUDENT
1194,ROLE_STUDENT
1195,ROLE_STUDENT
1196,ROLE_STUDENT
1197,ROLE_STUDENT
1198,ROLE_STUDENT
1199,ROLE_STUDENT
1200,ROLE_STUDENT
1201,ROLE_STUDENT
1202,ROLE_STUDENT
1203,ROLE_STUDENT
1204,ROLE_STUDENT
1205,ROLE_STUDENT
1206,ROLE_STUDENT
1207,ROLE_STUDENT
1208,ROLE_STUDENT
1209,ROLE_INSTRUCTOR
1210,ROLE_INSTRUCTOR
1211,ROLE_INSTRUCTOR
1212,ROLE_INSTRUCTOR
1213,ROLE_INSTRUCTOR
1214,ROLE_INSTRUCTOR
1215,ROLE_INSTRUCTOR
1216,ROLE_INSTRUCTOR
1217,ROLE_INSTRUCTOR
1218,ROLE_ORG_ADMIN
1219,ROLE_ORG_ADMIN
1220,ROLE_ORG_ADMIN
1221,ROLE_STUDENT
1222,ROLE_STUDENT
1223,ROLE_STUDENT
1224,ROLE_STUDENT
1225,ROLE_STUDENT
1226,ROLE_STUDENT
1227,ROLE_STUDENT
1228,ROLE_STUDENT
1229,ROLE_STUDENT
1230,ROLE_STUDENT
1231,ROLE_STUDENT
1232,ROLE_STUDENT
1233,ROLE_STUDENT
1234,ROLE_STUDENT
1235,ROLE_STUDENT
1236,ROLE_STUDENT
1237,ROLE_STUDENT
1238,ROLE_STUDENT
1239,ROLE_STUDENT
1240,ROLE_STUDENT
1241,ROLE_STUDENT
1242,ROLE_STUDENT
1243,ROLE_STUDENT
1244,ROLE_INSTRUCTOR
1245,ROLE_INSTRUCTOR
1246,ROLE_INSTRUCTOR
1247,ROLE_INSTRUCTOR
1248,ROLE_INSTRUCTOR
1249,ROLE_INSTRUCTOR
1250,ROLE_INSTRUCTOR
1251,ROLE_INSTRUCTOR
1252,ROLE_INSTRUCTOR
1253,ROLE_ORG_ADMIN
1254,ROLE_ORG_ADMIN
1255,ROLE_ORG_ADMIN
1256,ROLE_STUDENT
1257,ROLE_STUDENT
1258,ROLE_STUDENT
1259,ROLE_STUDENT
1260,ROLE_STUDENT
1261,ROLE_STUDENT
1262,ROLE_STUDENT
1263,ROLE_STUDENT
1264,ROLE_STUDENT
1265,ROLE_STUDENT
1266,ROLE_STUDENT
1267,ROLE_STUDENT
1268,ROLE_STUDENT
1269,ROLE_STUDENT
1270,ROLE_STUDENT
1271,ROLE_STUDENT
1272,ROLE_STUDENT
1273,ROLE_STUDENT
1274,ROLE_STUDENT
1275,ROLE_STUDENT
1276,ROLE_STUDENT
1277,ROLE_STUDENT
1278,ROLE_STUDENT
1279,ROLE_INSTRUCTOR
1280,ROLE_INSTRUCTOR
1281,ROLE_INSTRUCTOR
1282,ROLE_INSTRUCTOR
1283,ROLE_INSTRUCTOR
1284,ROLE_INSTRUCTOR
1285,ROLE_INSTRUCTOR
1286,ROLE_INSTRUCTOR
1287,ROLE_INSTRUCTOR
1288,ROLE_ORG_ADMIN
1289,ROLE_ORG_ADMIN
1290,ROLE_ORG_ADMIN
1291,ROLE_STUDENT
1292,ROLE_STUDENT
1293,ROLE_STUDENT
1294,ROLE_STUDENT
1295,ROLE_STUDENT
1296,ROLE_STUDENT
1297,ROLE_STUDENT
1298,ROLE_STUDENT
1299,ROLE_STUDENT
1300,ROLE_STUDENT
1301,ROLE_STUDENT
1302,ROLE_STUDENT
1303,ROLE_STUDENT
1304,ROLE_STUDENT
1305,ROLE_STUDENT
1306,ROLE_STUDENT
1307,ROLE_STUDENT
1308,ROLE_STUDENT
1309,ROLE_STUDENT
1310,ROLE_STUDENT
1311,ROLE_STUDENT
1312,ROLE_STUDENT
1313,ROLE_STUDENT
1314,ROLE_INSTRUCTOR
1315,ROLE_INSTRUCTOR
1316,ROLE_INSTRUCTOR
1317,ROLE_INSTRUCTOR
1318,ROLE_INSTRUCTOR
1319,ROLE_INSTRUCTOR
1320,ROLE_INSTRUCTOR
1321,ROLE_INSTRUCTOR
1322,ROLE_INSTRUCTOR
1323,ROLE_ORG_ADMIN
1324,ROLE_ORG_ADMIN
1325,ROLE_ORG_ADMIN
1326,ROLE_STUDENT
1327,ROLE_STUDENT
1328,ROLE_STUDENT
1329,ROLE_STUDENT
1330,ROLE_STUDENT
1331,ROLE_STUDENT
1332,ROLE_STUDENT
1333,ROLE_STUDENT
1334,ROLE_STUDENT
1335,ROLE_STUDENT
1336,ROLE_STUDENT
1337,ROLE_STUDENT
1338,ROLE_STUDENT
1339,ROLE_STUDENT
1340,ROLE_STUDENT
1341,ROLE_STUDENT
1342,ROLE_STUDENT
1343,ROLE_STUDENT
1344,ROLE_STUDENT
1345,ROLE_STUDENT
1346,ROLE_STUDENT
1347,ROLE_STUDENT
1348,ROLE_STUDENT
1349,ROLE_INSTRUCTOR
1350,ROLE_INSTRUCTOR
1351,ROLE_INSTRUCTOR
1352,ROLE_INSTRUCTOR
1353,ROLE_INSTRUCTOR
1354,ROLE_INSTRUCTOR
1355,ROLE_INSTRUCTOR
1356,ROLE_INSTRUCTOR
1357,ROLE_INSTRUCTOR
1358,ROLE_ORG_ADMIN
1359,ROLE_ORG_ADMIN
1360,ROLE_ORG_ADMIN
1361,ROLE_STUDENT
1362,ROLE_STUDENT
1363,ROLE_STUDENT
1364,ROLE_STUDENT
1365,ROLE_STUDENT
1366,ROLE_STUDENT
1367,ROLE_STUDENT
1368,ROLE_STUDENT
1369,ROLE_STUDENT
1370,ROLE_STUDENT
1371,ROLE_STUDENT
1372,ROLE_STUDENT
1373,ROLE_STUDENT
1374,ROLE_STUDENT
1375,ROLE_STUDENT
1376,ROLE_STUDENT
1377,ROLE_STUDENT
1378,ROLE_STUDENT
1379,ROLE_STUDENT
1380,ROLE_STUDENT
1381,ROLE_STUDENT
1382,ROLE_STUDENT
1383,ROLE_STUDENT
1384,ROLE_INSTRUCTOR
1385,ROLE_INSTRUCTOR
1386,ROLE_INSTRUCTOR
1387,ROLE_INSTRUCTOR
1388,ROLE_INSTRUCTOR
1389,ROLE_INSTRUCTOR
1390,ROLE_INSTRUCTOR
1391,ROLE_INSTRUCTOR
1392,ROLE_INSTRUCTOR
1393,ROLE_ORG_ADMIN
1394,ROLE_ORG_ADMIN
1395,ROLE_ORG_ADMIN
1396,ROLE_STUDENT
1397,ROLE_STUDENT
1398,ROLE_STUDENT
1399,ROLE_STUDENT
1400,ROLE_STUDENT
1401,ROLE_STUDENT
1402,ROLE_STUDENT
1403,ROLE_STUDENT
1404,ROLE_STUDENT
1405,ROLE_STUDENT
1406,ROLE_STUDENT
1407,ROLE_STUDENT
1408,ROLE_STUDENT
1409,ROLE_STUDENT
1410,ROLE_STUDENT
1411,ROLE_STUDENT
1412,ROLE_STUDENT
1413,ROLE_STUDENT
1414,ROLE_STUDENT
1415,ROLE_STUDENT
1416,ROLE_STUDENT
1417,ROLE_STUDENT
1418,ROLE_STUDENT
1419,ROLE_INSTRUCTOR
1420,ROLE_INSTRUCTOR
1421,ROLE_INSTRUCTOR
1422,ROLE_INSTRUCTOR
1423,ROLE_INSTRUCTOR
1424,ROLE_INSTRUCTOR
1425,ROLE_INSTRUCTOR
1426,ROLE_INSTRUCTOR
1427,ROLE_INSTRUCTOR
1428,ROLE_ORG_ADMIN
1429,ROLE_ORG_ADMIN
1430,ROLE_ORG_ADMIN
1431,ROLE_STUDENT
1432,ROLE_STUDENT
1433,ROLE_STUDENT
1434,ROLE_STUDENT
1435,ROLE_STUDENT
1436,ROLE_STUDENT
1437,ROLE_STUDENT
1438,ROLE_STUDENT
1439,ROLE_STUDENT
1440,ROLE_STUDENT
1441,ROLE_STUDENT
1442,ROLE_STUDENT
1443,ROLE_STUDENT
1444,ROLE_STUDENT
1445,ROLE_STUDENT
1446,ROLE_STUDENT
1447,ROLE_STUDENT
1448,ROLE_STUDENT
1449,ROLE_STUDENT
1450,ROLE_STUDENT
1451,ROLE_STUDENT
1452,ROLE_STUDENT
1453,ROLE_STUDENT
1454,ROLE_INSTRUCTOR
1455,ROLE_INSTRUCTOR
1456,ROLE_INSTRUCTOR
1457,ROLE_INSTRUCTOR
1458,ROLE_INSTRUCTOR
1459,ROLE_INSTRUCTOR
1460,ROLE_INSTRUCTOR
1461,ROLE_INSTRUCTOR
1462,ROLE_INSTRUCTOR
1463,ROLE_ORG_ADMIN
1464,ROLE_ORG_ADMIN
1465,ROLE_ORG_ADMIN
1466,ROLE_STUDENT
1467,ROLE_STUDENT
1468,ROLE_STUDENT
1469,ROLE_STUDENT
1470,ROLE_STUDENT
1471,ROLE_STUDENT
1472,ROLE_STUDENT
1473,ROLE_STUDENT
1474,ROLE_STUDENT
1475,ROLE_STUDENT
1476,ROLE_STUDENT
1477,ROLE_STUDENT
1478,ROLE_STUDENT
1479,ROLE_STUDENT
1480,ROLE_STUDENT
1481,ROLE_STUDENT
1482,ROLE_STUDENT
1483,ROLE_STUDENT
1484,ROLE_STUDENT
1485,ROLE_STUDENT
1486,ROLE_STUDENT
1487,ROLE_STUDENT
1488,ROLE_STUDENT
1489,ROLE_INSTRUCTOR
1490,ROLE_INSTRUCTOR
1491,ROLE_INSTRUCTOR
1492,ROLE_INSTRUCTOR
1493,ROLE_INSTRUCTOR
1494,ROLE_INSTRUCTOR
1495,ROLE_INSTRUCTOR
1496,ROLE_INSTRUCTOR
1497,ROLE_INSTRUCTOR
1498,ROLE_ORG_ADMIN
1499,ROLE_ORG_ADMIN
1500,ROLE_ORG_ADMIN
1501,ROLE_STUDENT
1502,ROLE_STUDENT
1503,ROLE_STUDENT
1504,ROLE_STUDENT
1505,ROLE_STUDENT
1506,ROLE_STUDENT
1507,ROLE_STUDENT
1508,ROLE_STUDENT
1509,ROLE_STUDENT
1510,ROLE_STUDENT
1511,ROLE_STUDENT
1512,ROLE_STUDENT
1513,ROLE_STUDENT
1514,ROLE_STUDENT
1515,ROLE_STUDENT
1516,ROLE_STUDENT
1517,ROLE_STUDENT
1518,ROLE_STUDENT
1519,ROLE_STUDENT
1520,ROLE_STUDENT
1521,ROLE_STUDENT
1522,ROLE_STUDENT
1523,ROLE_STUDENT
1524,ROLE_INSTRUCTOR
1525,ROLE_INSTRUCTOR
1526,ROLE_INSTRUCTOR
1527,ROLE_INSTRUCTOR
1528,ROLE_INSTRUCTOR
1529,ROLE_INSTRUCTOR
1530,ROLE_INSTRUCTOR
1531,ROLE_INSTRUCTOR
1532,ROLE_INSTRUCTOR
1533,ROLE_ORG_ADMIN
1534,ROLE_ORG_ADMIN
1535,ROLE_ORG_ADMIN
1536,ROLE_STUDENT
1537,ROLE_STUDENT
1538,ROLE_STUDENT
1539,ROLE_STUDENT
1540,ROLE_STUDENT
1541,ROLE_STUDENT
1542,ROLE_STUDENT
1543,ROLE_STUDENT
1544,ROLE_STUDENT
1545,ROLE_STUDENT
1546,ROLE_STUDENT
1547,ROLE_STUDENT
1548,ROLE_STUDENT
1549,ROLE_STUDENT
1550,ROLE_STUDENT
1551,ROLE_STUDENT
1552,ROLE_STUDENT
1553,ROLE_STUDENT
1554,ROLE_STUDENT
1555,ROLE_STUDENT
1556,ROLE_STUDENT
1557,ROLE_STUDENT
1558,ROLE_STUDENT
1559,ROLE_INSTRUCTOR
1560,ROLE_INSTRUCTOR
1561,ROLE_INSTRUCTOR
1562,ROLE_INSTRUCTOR
1563,ROLE_INSTRUCTOR
1564,ROLE_INSTRUCTOR
1565,ROLE_INSTRUCTOR
1566,ROLE_INSTRUCTOR
1567,ROLE_INSTRUCTOR
1568,ROLE_ORG_ADMIN
1569,ROLE_ORG_ADMIN
1570,ROLE_ORG_ADMIN
1571,ROLE_STUDENT
1572,ROLE_STUDENT
1573,ROLE_STUDENT
1574,ROLE_STUDENT
1575,ROLE_STUDENT
1576,ROLE_STUDENT
1577,ROLE_STUDENT
1578,ROLE_STUDENT
1579,ROLE_STUDENT
1580,ROLE_STUDENT
1581,ROLE_STUDENT
1582,ROLE_STUDENT
1583,ROLE_STUDENT
1584,ROLE_STUDENT
1585,ROLE_STUDENT
1586,ROLE_STUDENT
1587,ROLE_STUDENT
1588,ROLE_STUDENT
1589,ROLE_STUDENT
1590,ROLE_STUDENT
1591,ROLE_STUDENT
1592,ROLE_STUDENT
1593,ROLE_STUDENT
1594,ROLE_INSTRUCTOR
1595,ROLE_INSTRUCTOR
1596,ROLE_INSTRUCTOR
1597,ROLE_INSTRUCTOR
1598,ROLE_INSTRUCTOR
1599,ROLE_INSTRUCTOR
1600,ROLE_INSTRUCTOR
1601,ROLE_INSTRUCTOR
1602,ROLE_INSTRUCTOR
1603,ROLE_ORG_ADMIN
1604,ROLE_ORG_ADMIN
1605,ROLE_ORG_ADMIN
1606,ROLE_STUDENT
1607,ROLE_STUDENT
1608,ROLE_STUDENT
1609,ROLE_STUDENT
1610,ROLE_STUDENT
1611,ROLE_STUDENT
1612,ROLE_STUDENT
1613,ROLE_STUDENT
1614,ROLE_STUDENT
1615,ROLE_STUDENT
1616,ROLE_STUDENT
1617,ROLE_STUDENT
1618,ROLE_STUDENT
1619,ROLE_STUDENT
1620,ROLE_STUDENT
1621,ROLE_STUDENT
1622,ROLE_STUDENT
1623,ROLE_STUDENT
1624,ROLE_STUDENT
1625,ROLE_STUDENT
1626,ROLE_STUDENT
1627,ROLE_STUDENT
1628,ROLE_STUDENT
1629,ROLE_INSTRUCTOR
1630,ROLE_INSTRUCTOR
1631,ROLE_INSTRUCTOR
1632,ROLE_INSTRUCTOR
1633,ROLE_INSTRUCTOR
1634,ROLE_INSTRUCTOR
1635,ROLE_INSTRUCTOR
1636,ROLE_INSTRUCTOR
1637,ROLE_INSTRUCTOR
1638,ROLE_ORG_ADMIN
1639,ROLE_ORG_ADMIN
1640,ROLE_ORG_ADMIN
1641,ROLE_STUDENT
1642,ROLE_STUDENT
1643,ROLE_STUDENT
1644,ROLE_STUDENT
1645,ROLE_STUDENT
1646,ROLE_STUDENT
1647,ROLE_STUDENT
1648,ROLE_STUDENT
1649,ROLE_STUDENT
1650,ROLE_STUDENT
1651,ROLE_STUDENT
1652,ROLE_STUDENT
1653,ROLE_STUDENT
1654,ROLE_STUDENT
1655,ROLE_STUDENT
1656,ROLE_STUDENT
1657,ROLE_STUDENT
1658,ROLE_STUDENT
1659,ROLE_STUDENT
1660,ROLE_STUDENT
1661,ROLE_STUDENT
1662,ROLE_STUDENT
1663,ROLE_STUDENT
1664,ROLE_INSTRUCTOR
1665,ROLE_INSTRUCTOR
1666,ROLE_INSTRUCTOR
1667,ROLE_INSTRUCTOR
1668,ROLE_INSTRUCTOR
1669,ROLE_INSTRUCTOR
1670,ROLE_INSTRUCTOR
1671,ROLE_INSTRUCTOR
1672,ROLE_INSTRUCTOR
1673,ROLE_ORG_ADMIN
1674,ROLE_ORG_ADMIN
1675,ROLE_ORG_ADMIN
1676,ROLE_STUDENT
1677,ROLE_STUDENT
1678,ROLE_STUDENT
1679,ROLE_STUDENT
1680,ROLE_STUDENT
1681,ROLE_STUDENT
1682,ROLE_STUDENT
1683,ROLE_STUDENT
1684,ROLE_STUDENT
1685,ROLE_STUDENT
1686,ROLE_STUDENT
1687,ROLE_STUDENT
1688,ROLE_STUDENT
1689,ROLE_STUDENT
1690,ROLE_STUDENT
1691,ROLE_STUDENT
1692,ROLE_STUDENT
1693,ROLE_STUDENT
1694,ROLE_STUDENT
1695,ROLE_STUDENT
1696,ROLE_STUDENT
1697,ROLE_STUDENT
1698,ROLE_STUDENT
1699,ROLE_INSTRUCTOR
1700,ROLE_INSTRUCTOR
1701,ROLE_INSTRUCTOR
1702,ROLE_INSTRUCTOR
1703,ROLE_INSTRUCTOR
1704,ROLE_INSTRUCTOR
1705,ROLE_INSTRUCTOR
1706,ROLE_INSTRUCTOR
1707,ROLE_INSTRUCTOR
1708,ROLE_ORG_ADMIN
1709,ROLE_ORG_ADMIN
1710,ROLE_ORG_ADMIN
1711,ROLE_STUDENT
1712,ROLE_STUDENT
1713,ROLE_STUDENT
1714,ROLE_STUDENT
1715,ROLE_STUDENT
1716,ROLE_STUDENT
1717,ROLE_STUDENT
1718,ROLE_STUDENT
1719,ROLE_STUDENT
1720,ROLE_STUDENT
1721,ROLE_STUDENT
1722,ROLE_STUDENT
1723,ROLE_STUDENT
1724,ROLE_STUDENT
1725,ROLE_STUDENT
1726,ROLE_STUDENT
1727,ROLE_STUDENT
1728,ROLE_STUDENT
1729,ROLE_STUDENT
1730,ROLE_STUDENT
1731,ROLE_STUDENT
1732,ROLE_STUDENT
1733,ROLE_STUDENT
1734,ROLE_INSTRUCTOR
1735,ROLE_INSTRUCTOR
1736,ROLE_INSTRUCTOR
1737,ROLE_INSTRUCTOR
1738,ROLE_INSTRUCTOR
1739,ROLE_INSTRUCTOR
1740,ROLE_INSTRUCTOR
1741,ROLE_INSTRUCTOR
1742,ROLE_INSTRUCTOR
1743,ROLE_ORG_ADMIN
1744,ROLE_ORG_ADMIN
1745,ROLE_ORG_ADMIN
1746,ROLE_STUDENT
1747,ROLE_STUDENT
1748,ROLE_STUDENT
1749,ROLE_STUDENT
1750,ROLE_STUDENT
1751,ROLE_STUDENT
1752,ROLE_STUDENT
1753,ROLE_STUDENT
1754,ROLE_STUDENT
1755,ROLE_STUDENT
1756,ROLE_STUDENT
1757,ROLE_STUDENT
1758,ROLE_STUDENT
1759,ROLE_STUDENT
1760,ROLE_STUDENT
1761,ROLE_STUDENT
1762,ROLE_STUDENT
1763,ROLE_STUDENT
1764,ROLE_STUDENT
1765,ROLE_STUDENT
1766,ROLE_STUDENT
1767,ROLE_STUDENT
1768,ROLE_STUDENT
1769,ROLE_INSTRUCTOR
1770,ROLE_INSTRUCTOR
1771,ROLE_INSTRUCTOR
1772,ROLE_INSTRUCTOR
1773,ROLE_INSTRUCTOR
1774,ROLE_INSTRUCTOR
1775,ROLE_INSTRUCTOR
1776,ROLE_INSTRUCTOR
1777,ROLE_INSTRUCTOR
1778,ROLE_ORG_ADMIN
1779,ROLE_ORG_ADMIN
1780,ROLE_ORG_ADMIN
1781,ROLE_STUDENT
1782,ROLE_STUDENT
1783,ROLE_STUDENT
1784,ROLE_STUDENT
1785,ROLE_STUDENT
1786,ROLE_STUDENT
1787,ROLE_STUDENT
1788,ROLE_STUDENT
1789,ROLE_STUDENT
1790,ROLE_STUDENT
1791,ROLE_STUDENT
1792,ROLE_STUDENT
1793,ROLE_STUDENT
1794,ROLE_STUDENT
1795,ROLE_STUDENT
1796,ROLE_STUDENT
1797,ROLE_STUDENT
1798,ROLE_STUDENT
1799,ROLE_STUDENT
1800,ROLE_STUDENT
1801,ROLE_STUDENT
1802,ROLE_STUDENT
1803,ROLE_STUDENT
1804,ROLE_INSTRUCTOR
1805,ROLE_INSTRUCTOR
1806,ROLE_INSTRUCTOR
1807,ROLE_INSTRUCTOR
1808,ROLE_INSTRUCTOR
1809,ROLE_INSTRUCTOR
1810,ROLE_INSTRUCTOR
1811,ROLE_INSTRUCTOR
1812,ROLE_INSTRUCTOR
1813,ROLE_ORG_ADMIN
1814,ROLE_ORG_ADMIN
1815,ROLE_ORG_ADMIN
1816,ROLE_STUDENT
1817,ROLE_STUDENT
1818,ROLE_STUDENT
1819,ROLE_STUDENT
1820,ROLE_STUDENT
1821,ROLE_STUDENT
1822,ROLE_STUDENT
1823,ROLE_STUDENT
1824,ROLE_STUDENT
1825,ROLE_STUDENT
1826,ROLE_STUDENT
1827,ROLE_STUDENT
1828,ROLE_STUDENT
1829,ROLE_STUDENT
1830,ROLE_STUDENT
1831,ROLE_STUDENT
1832,ROLE_STUDENT
1833,ROLE_STUDENT
1834,ROLE_STUDENT
1835,ROLE_STUDENT
1836,ROLE_STUDENT
1837,ROLE_STUDENT
1838,ROLE_STUDENT
1839,ROLE_INSTRUCTOR
1840,ROLE_INSTRUCTOR
1841,ROLE_INSTRUCTOR
1842,ROLE_INSTRUCTOR
1843,ROLE_INSTRUCTOR
1844,ROLE_INSTRUCTOR
1845,ROLE_INSTRUCTOR
1846,ROLE_INSTRUCTOR
1847,ROLE_INSTRUCTOR
1848,ROLE_ORG_ADMIN
1849,ROLE_ORG_ADMIN
1850,ROLE_ORG_ADMIN
1851,ROLE_STUDENT
1852,ROLE_STUDENT
1853,ROLE_STUDENT
1854,ROLE_STUDENT
1855,ROLE_STUDENT
1856,ROLE_STUDENT
1857,ROLE_STUDENT
1858,ROLE_STUDENT
1859,ROLE_STUDENT
1860,ROLE_STUDENT
1861,ROLE_STUDENT
1862,ROLE_STUDENT
1863,ROLE_STUDENT
1864,ROLE_STUDENT
1865,ROLE_STUDENT
1866,ROLE_STUDENT
1867,ROLE_STUDENT
1868,ROLE_STUDENT
1869,ROLE_STUDENT
1870,ROLE_STUDENT
1871,ROLE_STUDENT
1872,ROLE_STUDENT
1873,ROLE_STUDENT
1874,ROLE_INSTRUCTOR
1875,ROLE_INSTRUCTOR
1876,ROLE_INSTRUCTOR
1877,ROLE_INSTRUCTOR
1878,ROLE_INSTRUCTOR
1879,ROLE_INSTRUCTOR
1880,ROLE_INSTRUCTOR
1881,ROLE_INSTRUCTOR
1882,ROLE_INSTRUCTOR
1883,ROLE_ORG_ADMIN
1884,ROLE_ORG_ADMIN
1885,ROLE_ORG_ADMIN
1886,ROLE_STUDENT
1887,ROLE_STUDENT
1888,ROLE_STUDENT
1889,ROLE_STUDENT
1890,ROLE_STUDENT
1891,ROLE_STUDENT
1892,ROLE_STUDENT
1893,ROLE_STUDENT
1894,ROLE_STUDENT
1895,ROLE_STUDENT
1896,ROLE_STUDENT
1897,ROLE_STUDENT
1898,ROLE_STUDENT
1899,ROLE_STUDENT
1900,ROLE_STUDENT
1901,ROLE_STUDENT
1902,ROLE_STUDENT
1903,ROLE_STUDENT
1904,ROLE_STUDENT
1905,ROLE_STUDENT
1906,ROLE_STUDENT
1907,ROLE_STUDENT
1908,ROLE_STUDENT
1909,ROLE_INSTRUCTOR
1910,ROLE_INSTRUCTOR
1911,ROLE_INSTRUCTOR
1912,ROLE_INSTRUCTOR
1913,ROLE_INSTRUCTOR
1914,ROLE_INSTRUCTOR
1915,ROLE_INSTRUCTOR
1916,ROLE_INSTRUCTOR
1917,ROLE_INSTRUCTOR
1918,ROLE_ORG_ADMIN
1919,ROLE_ORG_ADMIN
1920,ROLE_ORG_ADMIN
1921,ROLE_STUDENT
1922,ROLE_STUDENT
1923,ROLE_STUDENT
1924,ROLE_STUDENT
1925,ROLE_STUDENT
1926,ROLE_STUDENT
1927,ROLE_STUDENT
1928,ROLE_STUDENT
1929,ROLE_STUDENT
1930,ROLE_STUDENT
1931,ROLE_STUDENT
1932,ROLE_STUDENT
1933,ROLE_STUDENT
1934,ROLE_STUDENT
1935,ROLE_STUDENT
1936,ROLE_STUDENT
1937,ROLE_STUDENT
1938,ROLE_STUDENT
1939,ROLE_STUDENT
1940,ROLE_STUDENT
1941,ROLE_STUDENT
1942,ROLE_STUDENT
1943,ROLE_STUDENT
1944,ROLE_INSTRUCTOR
1945,ROLE_INSTRUCTOR
1946,ROLE_INSTRUCTOR
1947,ROLE_INSTRUCTOR
1948,ROLE_INSTRUCTOR
1949,ROLE_INSTRUCTOR
1950,ROLE_INSTRUCTOR
1951,ROLE_INSTRUCTOR
1952,ROLE_INSTRUCTOR
1953,ROLE_ORG_ADMIN
1954,ROLE_ORG_ADMIN
1955,ROLE_ORG_ADMIN
1956,ROLE_STUDENT
1957,ROLE_STUDENT
1958,ROLE_STUDENT
1959,ROLE_STUDENT
1960,ROLE_STUDENT
1961,ROLE_STUDENT
1962,ROLE_STUDENT
1963,ROLE_STUDENT
1964,ROLE_STUDENT
1965,ROLE_STUDENT
1966,ROLE_STUDENT
1967,ROLE_STUDENT
1968,ROLE_STUDENT
1969,ROLE_STUDENT
1970,ROLE_STUDENT
1971,ROLE_STUDENT
1972,ROLE_STUDENT
1973,ROLE_STUDENT
1974,ROLE_STUDENT
1975,ROLE_STUDENT
1976,ROLE_STUDENT
1977,ROLE_STUDENT
1978,ROLE_STUDENT
1979,ROLE_INSTRUCTOR
1980,ROLE_INSTRUCTOR
1981,ROLE_INSTRUCTOR
1982,ROLE_INSTRUCTOR
1983,ROLE_INSTRUCTOR
1984,ROLE_INSTRUCTOR
1985,ROLE_INSTRUCTOR
1986,ROLE_INSTRUCTOR
1987,ROLE_INSTRUCTOR
1988,ROLE_ORG_ADMIN
1989,ROLE_ORG_ADMIN
1990,ROLE_ORG_ADMIN
1991,ROLE_STUDENT
1992,ROLE_STUDENT
1993,ROLE_STUDENT
1994,ROLE_STUDENT
1995,ROLE_STUDENT
1996,ROLE_STUDENT
1997,ROLE_STUDENT
1998,ROLE_STUDENT
1999,ROLE_STUDENT
